speed,speed_cal_t,position,target_position,angle,angle_cal_t,PID_cal_t
"None","3.1699400413034384","5.13","0.06","0.01","0.07091951370239258"
"None","3.1699124656543805","7.14","0.11","0.01","0.0052487850189208984"
"30","0.02003192901611328","3.1698652476971234","7.18","0.11","0.01","0.023072004318237305"
"30","0.0","3.1698232452475557","7.15","0.11","0.01","0.00299072265625"
"30","0.0012826919555664062","3.1697854108117642","7.16","0.11","0.01","0.004266262054443359"
"30","0.0011157989501953125","3.169751399842052","7.24","0.11","0.01","0.0032074451446533203"
"30","0.0009975433349609375","3.1697209222784326","7.18","0.11","0.01","0.0048406124114990234"
"30","0.000997304916381836","3.1696936804664513","7.19","0.11","0.01","0.0031616687774658203"
"30","0.0019941329956054688","3.1696693859351144","7.19","0.11","0.01","0.0050008296966552734"
"30","0.0020012855529785156","3.1698546301465993","7.71","0.12","0.01","0.0035467147827148438"
"30","0.003179788589477539","3.1700802771053898","7.28","0.11","0.01","0.006067991256713867"
"30","0.002001523971557617","3.1705226814399325","7.15","0.11","0.01","0.005095481872558594"
"30","0.0010166168212890625","3.1709650594035272","7.15","0.11","0.01","0.003973960876464844"
"30","0.0029609203338623047","3.171614954932924","7.18","0.11","0.01","0.006032228469848633"
"30","0.0027594566345214844","3.172457843656221","7.04","0.1","0.01","0.010462284088134766"
"30","0.001104593276977539","3.1734721952611684","7.19","0.11","0.01","0.004375457763671875"
"30","0.003534555435180664","3.174589805091016","7.14","0.11","0.01","0.010993003845214844"
"30","0.008668899536132812","3.17581815094762","7.36","0.11","0.01","0.01933002471923828"
"30","0.0027074813842773438","3.1771596865116005","7.07","0.1","0.01","0.012293338775634766"
"30","0.0010385513305664062","3.178630426652719","7.11","0.1","0.01","0.005628347396850586"
"30","0.001998424530029297","3.1802023938739596","7.17","0.11","0.01","0.005988597869873047"
"30","0.0019979476928710938","3.181854053301766","7.17","0.11","0.01","0.004045963287353516"
"30","0.0015079975128173828","3.183614861287224","7.22","0.11","0.01","0.004418373107910156"
"30","0.0011425018310546875","3.185494151070535","7.14","0.1","0.01","0.0040967464447021484"
"30","0.0019190311431884766","3.1875076194074716","7.14","0.1","0.01","0.00491786003112793"
"30","0.0009884834289550781","3.189622435551744","7.17","0.11","0.01","0.0039920806884765625"
"30","0.001993894577026367","3.191813736751887","7.14","0.1","0.01","0.005463123321533203"
"30","0.0019087791442871094","3.194127102103807","7.55","0.11","0.01","0.004549980163574219"
"30","0.0041806697845458984","3.196525096939452","7.12","0.1","0.01","0.006882905960083008"
"30","0.010982513427734375","3.199048887942379","7.11","0.1","0.01","0.017023086547851562"
"30","0.005933523178100586","3.201672167614355","7.22","0.11","0.01","0.008316755294799805"
"30","0.005222797393798828","3.2043711187762445","7.24","0.11","0.01","0.008042335510253906"
"30","0.0015082359313964844","3.207179438966732","7.08","0.1","0.01","0.0035028457641601562"
"30","0.0020225048065185547","3.2101235898345397","7.24","0.11","0.01","0.00401759147644043"
"30","0.0019986629486083984","3.2131532468429835","7.13","0.1","0.01","0.005103349685668945"
"30","0.0009930133819580078","3.2163090775095795","7.34","0.11","0.01","0.0030133724212646484"
"30","0.0015201568603515625","3.2195464786073513","7.09","0.1","0.01","0.0035338401794433594"
"30","0.0011136531829833984","3.2229106584926286","7.17","0.1","0.01","0.0030515193939208984"
"30","0.0010008811950683594","3.2263733393385765","7.26","0.11","0.01","0.0019965171813964844"
"30","0.0009984970092773438","3.2299099278403354","7.17","0.1","0.01","0.0019941329956054688"
"30","0.0013475418090820312","3.2335755804280293","7.37","0.11","0.01","0.0033309459686279297"
"30","0.0010001659393310547","3.2373280140376894","7.22","0.11","0.01","0.003594636917114258"
"30","0.002254962921142578","3.241199224254203","7.13","0.1","0.01","0.004313945770263672"
"30","0.0009696483612060547","3.245215809504482","7.15","0.1","0.01","0.0019643306732177734"
"30","0.004523754119873047","3.249337640636667","7.61","0.11","0.01","0.006517648696899414"
"30","0.002000570297241211","3.253535563003781","7.2","0.1","0.01","0.007985353469848633"
"30","0.0009989738464355469","3.2578673778381626","7.16","0.1","0.01","0.007077932357788086"
"30","0.0018024444580078125","3.262305669349541","7.21","0.1","0.01","0.004782199859619141"
"30","0.0065305233001708984","3.2668415608461885","7.2","0.1","0.01","0.008655071258544922"
"30","0.001993417739868164","3.271474517250021","7.23","0.11","0.01","0.003989219665527344"
"30","0.0032355785369873047","3.276191771209303","7.11","0.1","0.01","0.008806705474853516"
"30","0.001985788345336914","3.2810578067967304","7.21","0.1","0.01","0.0069730281829833984"
"30","0.0009968280792236328","3.286042867417851","5.2","0.06","0.01","0.003011465072631836"
"30","0.0005121231079101562","3.291196789556679","5.21","0.06","0.01","0.0025472640991210938"
"30","0.0010180473327636719","3.2963288368661603","5.2","0.06","0.01","0.0030155181884765625"
"30","0.001994609832763672","3.3013850440558787","5.22","0.06","0.01","0.005094766616821289"
"30","0.003010988235473633","3.3063700631695974","5.15","0.05","0.01","0.0050084590911865234"
"30","0.001087188720703125","3.3113212973304544","5.06","0.05","0.01","0.003101348876953125"
"30","0.0019941329956054688","3.316210684568551","5.22","0.06","0.01","0.003990888595581055"
"30","0.003987550735473633","3.3210232928603105","5.2","0.06","0.01","0.007982015609741211"
"30","0.0023047924041748047","3.3258193724895526","5.21","0.06","0.01","0.0053637027740478516"
"30","0.000993967056274414","3.330625660630867","4.89","0.05","0.01","0.002489805221557617"
"30","0.0035054683685302734","3.3354671374964737","5.17","0.05","0.01","0.006445884704589844"
"30","0.0005207061767578125","3.3402952617984876","5.2","0.05","0.01","0.0020363330841064453"
"30","0.007109642028808594","3.3450965232823306","5.22","0.05","0.01","0.012285947799682617"
"30","0.000993490219116211","3.3498743704664475","5.19","0.05","0.01","0.002988576889038086"
"30","0.0019986629486083984","3.3546383302699594","5.22","0.05","0.01","0.004785060882568359"
"30","0.000997781753540039","3.359398484470642","5.2","0.05","0.01","0.003436565399169922"
"30","0.0","3.3641636033157356","5.23","0.05","0.01","0.0030295848846435547"
"30","0.0017237663269042969","3.3689410318652406","5.27","0.06","0.01","0.007889747619628906"
"30","0.002996683120727539","3.373721802373419","5.2","0.05","0.01","0.010058879852294922"
"30","0.003631591796875","3.3785831021561696","5.43","0.06","0.01","0.00654149055480957"
"30","0.0020780563354492188","3.3834755743603404","5.22","0.05","0.01","0.01125645637512207"
"30","0.002179384231567383","3.3884591212462927","3.26","0.01","0.01","0.004453182220458984"
"30","0.0029921531677246094","3.3935547408087725","5.23","0.05","0.01","0.0049877166748046875"
"30","0.002073049545288086","3.398454597857094","5.23","0.05","0.01","0.004990100860595703"
"30","0.0009953975677490234","3.4033226813015585","5.29","0.06","0.01","0.002991199493408203"
"30","0.001995086669921875","3.4082243842657762","5.27","0.05","0.01","0.0039904117584228516"
"30","0.001993417739868164","3.4132651480682754","5.25","0.05","0.01","0.008005380630493164"
"30","0.008118391036987305","3.4184082850451536","5.27","0.05","0.01","0.027446985244750977"
"30","0.007983207702636719","3.4236317803413834","5.3","0.06","0.01","0.01696610450744629"
"30","0.007062435150146484","3.4289112818234964","5.31","0.06","0.01","0.01902627944946289"
"30","0.0009949207305908203","3.4343082581460056","5.3","0.05","0.01","0.00505828857421875"
"30","0.0066280364990234375","3.439860573891318","5.35","0.06","0.01","0.015495061874389648"
"30","0.003002166748046875","3.4454929351369423","5.09","0.05","0.01","0.0049991607666015625"
"30","0.0019974708557128906","3.4512615780102083","5.39","0.06","0.01","0.005012989044189453"
"30","0.0019943714141845703","3.457103564481055","5.41","0.06","0.01","0.0049893856048583984"
"30","0.002019643783569336","3.4630676074251334","5.36","0.06","0.01","0.0046045780181884766"
"30","0.0029485225677490234","3.469173451355935","5.12","0.05","0.01","0.004944801330566406"
"30","0.0019941329956054688","3.4754409478643096","5.12","0.05","0.01","0.00399017333984375"
"30","0.0029909610748291016","3.4818021093068494","5.35","0.05","0.01","0.004986763000488281"
"30","0.0019521713256835938","3.4882333878015994","5.17","0.05","0.01","0.004945993423461914"
"30","0.001993417739868164","3.4947334238138685","5.37","0.06","0.01","0.0049860477447509766"
"30","0.006968259811401367","3.5012931480745193","5.39","0.06","0.01","0.02271413803100586"
"30","0.010452985763549805","3.5079878042268646","5.35","0.05","0.01","0.01668262481689453"
"30","0.010483026504516602","3.5148593635477825","5.17","0.05","0.01","0.017554044723510742"
"30","0.00399017333984375","3.521841068754809","5.2","0.05","0.01","0.0070858001708984375"
"30","0.0029876232147216797","3.5289057203237815","5.42","0.06","0.01","0.0059816837310791016"
"30","0.0","3.536032955766492","5.46","0.06","0.01","0.0030117034912109375"
"30","0.0010132789611816406","3.5432977837104485","5.42","0.06","0.01","0.0020139217376708984"
"30","0.0029921531677246094","3.5507283658479456","5.4","0.05","0.01","0.005228519439697266"
"30","0.00299072265625","3.5583441134996816","5.46","0.06","0.01","0.0060100555419921875"
"30","0.0029926300048828125","3.5660526647015454","5.41","0.05","0.01","0.00498652458190918"
"30","0.0006556510925292969","3.5739141966811823","5.42","0.05","0.01","0.0026497840881347656"
"30","0.0020372867584228516","3.5818754778111037","5.43","0.05","0.01","0.0029916763305664062"
"30","0.0010228157043457031","3.58991906603257","5.49","0.06","0.01","0.003293275833129883"
"30","0.0006358623504638672","3.5980298799037667","5.52","0.06","0.01","0.0016326904296875"
"30","0.0021021366119384766","3.6062892069414176","5.4","0.05","0.01","0.0050089359283447266"
"30","0.0019922256469726562","3.6147425123807855","5.48","0.05","0.01","0.004502534866333008"
"30","0.001512289047241211","3.6233177374138785","5.34","0.05","0.01","0.004496574401855469"
"30","0.0010445117950439453","3.6319858573493593","5.48","0.05","0.01","0.0032045841217041016"
"30","0.0009965896606445312","3.6407421865272553","5.21","0.05","0.01","0.0022683143615722656"
"30","0.002930164337158203","3.649591856559553","5.32","0.05","0.01","0.004925251007080078"
"30","0.0020072460174560547","3.658541866257549","5.53","0.05","0.01","0.004004001617431641"
"30","0.0","3.667598082494258","5.52","0.05","0.01","0.001993894577026367"
"30","0.002066373825073242","3.6767647939994483","5.54","0.05","0.01","0.005181312561035156"
"30","0.002631664276123047","3.6860451670680487","5.54","0.05","0.01","0.004624843597412109"
"30","0.0029942989349365234","3.6954417896099807","5.74","0.06","0.01","0.0049896240234375"
"30","0.001994609832763672","3.704941682199335","5.53","0.05","0.01","0.00401616096496582"
"30","0.00299072265625","3.7146438459771023","5.43","0.05","0.01","0.00498509407043457"
"30","0.002990245819091797","3.7244944943993614","5.83","0.06","0.01","0.0049855709075927734"
"30","0.0029916763305664062","3.7344535727792847","5.73","0.06","0.01","0.003992557525634766"
"30","0.0028162002563476562","3.7445979998848755","5.61","0.05","0.01","0.005331277847290039"
"30","0.0009963512420654297","3.75497201055167","5.67","0.06","0.01","0.0019931793212890625"
"30","0.001992940902709961","3.765480141849125","5.6","0.05","0.01","0.004560947418212891"
"30","0.0020465850830078125","3.7761906308994755","5.47","0.05","0.01","0.003992557525634766"
"30","0.000997304916381836","3.787040801653568","5.66","0.05","0.01","0.002015352249145508"
"30","0.0009965896606445312","3.7980085399153003","5.81","0.06","0.01","0.0030155181884765625"
"30","0.0019927024841308594","3.809077589448094","5.69","0.06","0.01","0.002990245819091797"
"30","0.001994609832763672","3.820341011030212","5.71","0.06","0.01","0.004987239837646484"
"30","0.0010228157043457031","3.8318333560182105","5.57","0.05","0.01","0.002017498016357422"
"30","0.0020799636840820312","3.8435741826690717","5.75","0.06","0.01","0.003989696502685547"
"30","0.0009958744049072266","3.855453817031328","5.23","0.04","0.01","0.0029904842376708984"
"30","0.0009965896606445312","3.8675565755651258","5.54","0.05","0.01","0.0029909610748291016"
"30","0.0009968280792236328","3.8797138377628646","5.81","0.06","0.01","0.001993894577026367"
"30","0.001993894577026367","3.891950140733905","5.42","0.05","0.01","0.004987955093383789"
"30","0.0030896663665771484","3.904400995804499","5.88","0.06","0.01","0.005393505096435547"
"30","0.0009970664978027344","3.9170056192763036","5.96","0.06","0.01","0.002251148223876953"
"30","0.0011758804321289062","3.929832286019809","6.07","0.06","0.01","0.0021767616271972656"
"30","0.0027611255645751953","3.942903497734125","6.18","0.06","0.01","0.004988431930541992"
"30","0.0010044574737548828","3.9562195410936845","5.79","0.05","0.01","0.0029959678649902344"
"30","0.0005166530609130859","3.9697893409788327","5.65","0.05","0.01","0.0025169849395751953"
"30","0.0019919872283935547","3.9835138411937057","5.48","0.05","0.01","0.003987789154052734"
"30","0.0029938220977783203","3.9973599986438546","5.93","0.06","0.01","0.005512237548828125"
"30","0.002991914749145508","4.011312593318187","6.0","0.06","0.01","0.005671024322509766"
"30","0.002953052520751953","4.025477012893999","5.82","0.05","0.01","0.004945278167724609"
"30","0.0009968280792236328","4.039915115451534","5.95","0.06","0.01","0.0019941329956054688"
"30","0.000995635986328125","4.0547184340216464","6.11","0.06","0.01","0.001993894577026367"
"30","0.001966714859008789","4.069995760004713","6.01","0.06","0.01","0.004957675933837891"
"30","0.0029935836791992188","4.0857757069307645","4.35","0.02","0.01","0.005984306335449219"
"30","0.0005745887756347656","4.101760976944465","4.43","0.02","0.01","0.003603696823120117"
"30","0.00099945068359375","4.117425516632536","5.72","0.05","0.01","0.0019960403442382812"
"30","0.0029942989349365234","4.133001041677899","4.4","0.02","0.01","0.004986286163330078"
"30","0.001994609832763672","4.148389379314792","4.0","0.01","0.01","0.004099607467651367"
"30","0.0020248889923095703","4.163381319452849","4.42","0.02","0.01","0.00501561164855957"
"30","0.0027039051055908203","4.192633068162171","4.1","0.01","0.01","0.005543708801269531"
"30","0.003009796142578125","4.206910959586048","4.13","0.01","0.01","0.006001472473144531"
"30","0.001992464065551758","4.220918847374671","4.12","0.01","0.01","0.0041332244873046875"
"30","0.0009961128234863281","4.234685625991519","4.15","0.01","0.01","0.001993894577026367"
"30","0.0019903182983398438","4.248243969759909","4.08","0.01","0.01","0.003007650375366211"
"30","0.0019826889038085938","4.261620059665954","4.16","0.01","0.01","0.004353523254394531"
"30","0.0010311603546142578","4.274833046646603","4.94","0.03","0.01","0.002992391586303711"
"30","0.002507925033569336","4.288146303410542","4.11","0.01","0.01","0.0035097599029541016"
"30","0.0029942989349365234","4.301386488028212","4.22","0.01","0.01","0.005006074905395508"
"30","0.001995563507080078","4.314462274234376","4.22","0.01","0.01","0.00507044792175293"
"30","0.0010223388671875","4.327371443830456","4.33","0.01","0.01","0.0030198097229003906"
"30","0.0009975433349609375","4.340138577475843","4.26","0.01","0.01","0.003989219665527344"
"30","0.0009541511535644531","4.35279031067369","4.35","0.01","0.01","0.0029480457305908203"
"30","0.0029926300048828125","4.365347412912733","4.29","0.01","0.01","0.00498652458190918"
"30","0.0009875297546386719","4.37782460820052","5.03","0.03","0.01","0.0030829906463623047"
"30","0.002017974853515625","4.390479719389375","4.38","0.01","0.01","0.005012989044189453"
"30","0.0019910335540771484","4.403138431575078","4.36","0.01","0.01","0.005003929138183594"
"30","0.003022432327270508","4.41570565722964","4.39","0.01","0.01","0.005013465881347656"
"30","0.0010058879852294922","4.4281750646691975","4.43","0.01","0.01","0.001994609832763672"
"30","0.0015056133270263672","4.440567087153234","4.42","0.01","0.01","0.0035963058471679688"
"30","0.0010142326354980469","4.452904278438178","5.15","0.03","0.01","0.0030112266540527344"
"30","0.0034830570220947266","4.4654504577772665","4.38","0.01","0.01","0.0060100555419921875"
"30","0.002994537353515625","4.478033438782122","4.46","0.01","0.01","0.0049893856048583984"
"30","0.001996278762817383","4.490557242926239","4.46","0.01","0.01","0.004862308502197266"
"30","0.002996206283569336","4.50301311871233","4.49","0.01","0.01","0.00499725341796875"
"30","0.002992391586303711","4.515418585244555","4.51","0.01","0.01","0.003994941711425781"
"30","0.00299072265625","4.527793294036594","4.51","0.01","0.01","0.0040171146392822266"
"30","0.003065347671508789","4.540151290520825","4.49","0.01","0.01","0.004526376724243164"
"30","0.0019910335540771484","4.55250083854487","4.49","0.01","0.01","0.004641294479370117"
"30","0.0009996891021728516","4.564846443277508","5.18","0.02","0.01","0.001996755599975586"
"30","0.0020170211791992188","4.577314676971453","5.16","0.02","0.01","0.0050106048583984375"
"30","0.000997781753540039","4.5899392821567435","5.15","0.02","0.01","0.0037631988525390625"
"30","0.0009975433349609375","4.6027023624790715","4.57","0.01","0.01","0.003988027572631836"
"30","0.001993894577026367","4.615455175231571","4.6","0.01","0.01","0.0029914379119873047"
"30","0.0009975433349609375","4.628148122726387","4.68","0.01","0.01","0.0029926300048828125"
"30","0.003007650375366211","4.640791007194871","5.22","0.02","0.01","0.004000663757324219"
"30","0.0010216236114501953","4.653529722368566","5.45","0.03","0.01","0.0040166378021240234"
"30","0.0020852088928222656","4.6665374356001035","4.63","0.01","0.01","0.005336761474609375"
"30","0.003007173538208008","4.679587631606416","5.52","0.03","0.01","0.0050334930419921875"
"30","0.0019931793212890625","4.692823892764391","4.66","0.01","0.01","0.0049855709075927734"
"30","0.0009846687316894531","4.706056380058159","4.65","0.01","0.01","0.00397944450378418"
"30","0.002518892288208008","4.719205059883885","4.66","0.01","0.01","0.005510091781616211"
"30","0.0010118484497070312","4.73227883337881","5.3","0.02","0.01","0.0030264854431152344"
"30","0.002994060516357422","4.745429736380781","5.53","0.03","0.01","0.005986928939819336"
"30","0.002001523971557617","4.758836575690102","5.31","0.02","0.01","0.0049898624420166016"
"30","0.0013866424560546875","4.772400387576731","5.31","0.02","0.01","0.003431558609008789"
"30","0.0019943714141845703","4.786049537262713","5.56","0.03","0.01","0.003989696502685547"
"30","0.001993417739868164","4.799884286517163","4.74","0.01","0.01","0.003989696502685547"
"30","0.001994609832763672","4.813684368130804","4.84","0.01","0.01","0.00400853157043457"
"30","0.0009927749633789062","4.827369696544099","5.61","0.03","0.01","0.0039980411529541016"
"30","0.0","4.8412043258690005","5.33","0.02","0.01","0.0019927024841308594"
"30","0.0009949207305908203","4.855161775299684","5.57","0.03","0.01","0.0020132064819335938"
"30","0.002991914749145508","4.869322216272987","5.41","0.02","0.01","0.004986763000488281"
"30","0.0019927024841308594","4.8835757505598885","5.64","0.03","0.01","0.004985809326171875"
"30","0.0029897689819335938","4.897989556198965","5.68","0.03","0.01","0.004985332489013672"
"30","0.0009987354278564453","4.912588061123","5.78","0.03","0.01","0.0020029544830322266"
"30","0.000997781753540039","4.927359108401048","5.66","0.03","0.01","0.0030095577239990234"
"30","0.003069162368774414","4.942284797570396","5.94","0.03","0.01","0.0054967403411865234"
"30","0.0009984970092773438","4.957350829472839","4.98","0.01","0.01","0.0025305747985839844"
"30","0.0009357929229736328","4.972300136084709","5.37","0.02","0.01","0.0029294490814208984"
"30","0.002987384796142578","4.98718740939659","5.46","0.02","0.01","0.006105899810791016"
"30","0.0020208358764648438","5.002079353792363","5.44","0.02","0.01","0.004523754119873047"
"30","0.0009987354278564453","5.017005357434692","5.12","0.01","0.01","0.0029916763305664062"
"30","0.0039899349212646484","5.031850802967327","5.46","0.02","0.01","0.005986928939819336"
"30","0.0030815601348876953","5.046707641226429","5.29","0.02","0.01","0.0050945281982421875"
"30","0.001994609832763672","5.061624279147669","5.84","0.03","0.01","0.003989219665527344"
"30","0.0029916763305664062","5.076728543350194","5.44","0.02","0.01","0.005125284194946289"
"30","0.001995086669921875","5.0919199085310956","6.08","0.03","0.01","0.00498652458190918"
"30","0.0018868446350097656","5.107262159776328","5.61","0.02","0.01","0.0038843154907226562"
"30","0.001986980438232422","5.122651086654212","5.42","0.02","0.01","0.003981590270996094"
"30","0.000997781753540039","5.138039966541949","5.45","0.02","0.01","0.002991199493408203"
"30","0.0009989738464355469","5.153429709094399","5.29","0.01","0.01","0.00400853157043457"
"30","0.0029931068420410156","5.168709201813954","5.73","0.02","0.01","0.0050067901611328125"
"30","0.0029914379119873047","5.183981702317594","5.35","0.01","0.01","0.004987239837646484"
"30","0.0009982585906982422","5.1991814904848495","5.51","0.02","0.01","0.00398707389831543"
"30","0.000997304916381836","5.214410349892876","5.18","0.01","0.01","0.0030138492584228516"
"30","3.218650817871094e-05","5.229590054246625","5.54","0.02","0.01","0.0020134449005126953"
"30","0.0019943714141845703","5.244811518371344","5.23","0.01","0.01","0.0049877166748046875"
"30","0.003012418746948242","5.259990249236255","5.33","0.01","0.01","0.006005764007568359"
"30","0.0024089813232421875","5.2750909352983895","5.39","0.01","0.01","0.0044324398040771484"
"30","0.002013683319091797","5.29012050441476","5.66","0.02","0.01","0.004060029983520508"
"30","0.002592325210571289","5.3052185511310395","5.38","0.01","0.01","0.005105018615722656"
"30","0.0019915103912353516","5.320306876993765","5.35","0.01","0.01","0.004988908767700195"
"30","0.002991914749145508","5.335343609419747","5.41","0.01","0.01","0.006073474884033203"
"30","0.0015041828155517578","5.350327891288835","5.34","0.01","0.01","0.00403594970703125"
"30","0.0032787322998046875","5.365270439943219","5.42","0.01","0.01","0.0059814453125"
"30","0.0031654834747314453","5.380182385261084","5.52","0.01","0.01","0.006158590316772461"
"30","0.0016605854034423828","5.3950719295947795","5.5","0.01","0.01","0.0047626495361328125"
"30","0.0019943714141845703","5.409944479255253","5.51","0.01","0.01","0.004614353179931641"
"30","0.003034353256225586","5.424803698787619","5.56","0.01","0.01","0.00605320930480957"
"30","0.001926422119140625","5.439652422328236","5.53","0.01","0.01","0.004262685775756836"
"30","0.0013759136199951172","5.454493176848103","5.5","0.01","0.01","0.00435185432434082"
"30","0.0031142234802246094","5.469328395783367","5.46","0.01","0.01","0.005131244659423828"
"30","0.002339601516723633","5.484160463043265","5.5","0.01","0.01","0.00393986701965332"
"30","0.0031991004943847656","5.498991691660678","5.44","0.01","0.01","0.005501747131347656"
"30","0.0019948482513427734","5.513824291703074","5.44","0.01","0.01","0.003989696502685547"
"30","0.002208232879638672","5.528660347295906","5.66","0.01","0.01","0.006299495697021484"
"30","0.0019974708557128906","5.543501805238368","5.97","0.02","0.01","0.005003213882446289"
"30","0.0025794506072998047","5.558473956405982","5.54","0.01","0.01","0.004530191421508789"
"30","0.0019996166229248047","5.573486561957334","5.91","0.02","0.01","0.004891633987426758"
"30","0.001993894577026367","5.5886135209969225","5.45","0.01","0.01","0.004018545150756836"
"30","0.002991199493408203","5.60375773171776","6.04","0.02","0.01","0.004986286163330078"
"30","0.0020503997802734375","5.618999715647313","5.67","0.01","0.01","0.005046367645263672"
"30","0.0019948482513427734","5.634250222597107","5.67","0.01","0.01","0.005022525787353516"
"30","0.0019943714141845703","5.649471460542344","5.63","0.01","0.01","0.00433659553527832"
"30","0.002317667007446289","5.6646684252300314","6.6","0.03","0.01","0.004221916198730469"
"30","0.0019969940185546875","5.680101880850405","5.5","0.01","0.01","0.004031181335449219"
"30","0.0009963512420654297","5.695599558347171","6.69","0.03","0.01","0.0019931793212890625"
"30","0.002983570098876953","5.711312806636218","5.46","0.0","0.01","0.005692481994628906"
"30","0.0021202564239501953","5.727008369443173","5.82","0.01","0.01","0.00511479377746582"
"30","0.0021016597747802734","5.742568019271278","5.58","0.01","0.01","0.005194187164306641"
"30","0.0029926300048828125","5.758055275812459","5.78","0.01","0.01","0.004987001419067383"
"30","0.0030062198638916016","5.77351702699685","6.47","0.03","0.01","0.0049746036529541016"
"30","0.00302886962890625","5.7892248458346325","5.3","-0.0","0.01","0.005340099334716797"
"30","0.0029909610748291016","5.80496504382348","5.31","-0.0","0.01","0.005983829498291016"
"30","0.0030221939086914062","5.820482838986246","5.9","0.01","0.01","0.005985736846923828"
"30","0.0019981861114501953","5.83591597844981","5.66","0.01","0.01","0.0049898624420166016"
"30","0.000997781753540039","5.851350306268977","5.78","0.01","0.01","0.0029916763305664062"
"30","0.0009946823120117188","5.866811302985053","5.3","-0.0","0.01","0.0030584335327148438"
"30","0.002001047134399414","5.882176162015339","7.25","0.04","0.01","0.003992557525634766"
"30","0.002988576889038086","5.897675370795143","5.3","-0.0","0.01","0.0057222843170166016"
"30","0.003010988235473633","5.913284084702711","5.47","-0.0","0.01","0.005007028579711914"
"30","0.002904176712036133","5.928796663186126","5.1","-0.01","0.01","0.005894660949707031"
"30","0.003009796142578125","5.9440400552661075","5.26","-0.01","0.01","0.005004167556762695"
"30","0.0009953975677490234","5.958994532168461","5.28","-0.01","0.01","0.0019927024841308594"
"30","0.002850055694580078","5.973706051052552","5.42","-0.0","0.01","0.004844188690185547"
"30","0.0009992122650146484","5.9883461124410555","5.28","-0.01","0.01","0.0030117034912109375"
"30","0.00099945068359375","6.002856423034239","5.38","-0.0","0.01","0.0029938220977783203"
"30","0.0009975433349609375","6.017328349627793","5.27","-0.01","0.01","0.0030202865600585938"
"30","0.0009989738464355469","6.0316741640854605","6.22","0.01","0.01","0.0029916763305664062"
"30","0.0029921531677246094","6.046102833425239","5.54","-0.0","0.01","0.005056619644165039"
"30","0.002332448959350586","6.060561306215242","5.38","-0.01","0.01","0.004987239837646484"
"30","0.003017902374267578","6.074873620293339","5.32","-0.01","0.01","0.005993843078613281"
"30","0.0038585662841796875","6.088991940676025","5.92","0.01","0.01","0.006827354431152344"
"30","0.0029854774475097656","6.103182032980607","4.98","-0.02","0.01","0.00497889518737793"
"30","0.001995086669921875","6.117252721031348","5.42","-0.01","0.01","0.0052149295806884766"
"30","0.0019974708557128906","6.131096344688244","5.04","-0.02","0.01","0.004986763000488281"
"30","0.0009362697601318359","6.1446526180879335","5.53","-0.0","0.01","0.00410151481628418"
"30","0.0029909610748291016","6.158181713233305","5.06","-0.02","0.01","0.004985332489013672"
"30","0.0033020973205566406","6.171545150720924","5.28","-0.01","0.01","0.00528717041015625"
"30","0.002991199493408203","6.184801983851276","5.11","-0.02","0.01","0.005983114242553711"
"30","0.0009968280792236328","6.197871854916866","5.01","-0.02","0.01","0.0019948482513427734"
"30","0.0015039443969726562","6.210731663392522","5.37","-0.01","0.01","0.003537893295288086"
"30","0.0032439231872558594","6.2235228894633305","6.01","0.0","0.01","0.006580352783203125"
"30","0.002991199493408203","6.236424518251865","5.49","-0.01","0.01","0.005984306335449219"
"30","0.000997304916381836","6.249344596766106","5.36","-0.01","0.01","0.003401041030883789"
"30","0.002540111541748047","6.262218883331735","6.07","0.01","0.01","0.004534006118774414"
"30","0.003036975860595703","6.275276733000417","5.0","-0.02","0.01","0.00994110107421875"
"30","0.0030045509338378906","6.288297451903617","5.42","-0.01","0.01","0.004997730255126953"
"30","0.0020143985748291016","6.301155706064322","6.26","0.01","0.01","0.005200862884521484"
"30","0.001512289047241211","6.3141523215399324","5.39","-0.01","0.01","0.003506183624267578"
"30","0.0017855167388916016","6.3271451556084015","5.36","-0.01","0.01","0.003803253173828125"
"30","0.002970457077026367","6.340054809017689","5.12","-0.02","0.01","0.013221979141235352"
"30","0.0025463104248046875","6.352754213695604","5.72","-0.01","0.01","0.005269765853881836"
"30","0.0009961128234863281","6.365351501185586","5.57","-0.01","0.01","0.002996206283569336"
"30","0.0019965171813964844","6.3779142242834705","6.46","0.01","0.01","0.005202531814575195"
"30","0.004852771759033203","6.39070636181683","5.43","-0.01","0.01","0.023467302322387695"
"30","0.0024423599243164062","6.403543185374941","6.42","0.01","0.01","0.00543522834777832"
"30","0.0009255409240722656","6.416563358676703","5.08","-0.02","0.01","0.002675771713256836"
"30","0.0020210742950439453","6.429526251261865","4.9","-0.03","0.01","0.00401616096496582"
"30","0.0009379386901855469","6.442063634158402","5.16","-0.02","0.01","0.002972841262817383"
"30","0.000995635986328125","6.4542981309782625","6.52","0.01","0.01","0.002536773681640625"
"30","0.001994609832763672","6.466633613790101","5.71","-0.01","0.01","0.0039882659912109375"
"30","0.0009965896606445312","6.47909909509052","4.97","-0.03","0.01","0.0030710697174072266"
"30","0.0010411739349365234","6.4913390154433595","4.97","-0.03","0.01","0.003025531768798828"
"30","0.0014319419860839844","6.503239820137059","5.58","-0.01","0.01","0.0025756359100341797"
"30","0.001676321029663086","6.515070998653107","5.52","-0.01","0.01","0.003300189971923828"
"30","0.0009982585906982422","6.526947952517745","4.98","-0.03","0.01","0.0020020008087158203"
"30","0.0019905567169189453","6.538627988661891","4.88","-0.03","0.01","0.00427699089050293"
"30","0.000993490219116211","6.55002215641642","5.2","-0.02","0.01","0.0030701160430908203"
"30","0.0010304450988769531","6.561268743579001","5.6","-0.01","0.01","0.003991842269897461"
"30","0.0019953250885009766","6.572560757321502","5.03","-0.03","0.01","0.0029578208923339844"
"30","0.0031919479370117188","6.583695896053313","5.56","-0.01","0.01","0.005184173583984375"
"30","0.000997781753540039","6.594833081400825","4.62","-0.04","0.01","0.0020995140075683594"
"30","0.001998424530029297","6.605755058418773","5.38","-0.02","0.01","0.003046751022338867"
"30","0.0022110939025878906","6.616480967361301","5.36","-0.02","0.01","0.006163358688354492"
"30","0.0039484500885009766","6.627116591269353","5.26","-0.02","0.01","0.005485057830810547"
"30","0.0009622573852539062","6.637696901295486","5.19","-0.02","0.01","0.003217935562133789"
"30","0.0010614395141601562","6.648226444920789","7.47","0.03","0.01","0.003096342086791992"
"30","0.0009241104125976562","6.658951961954106","5.79","-0.01","0.01","0.002964496612548828"
"30","0.0025224685668945312","6.670068555065454","5.43","-0.02","0.01","0.006113767623901367"
"30","0.0009944438934326172","6.681186568414754","7.67","0.03","0.01","0.0029878616333007812"
"30","0.0010066032409667969","6.692405525166961","5.27","-0.02","0.01","0.0025124549865722656"
"30","0.0010733604431152344","6.703786870368996","5.26","-0.02","0.01","0.004409074783325195"
"30","0.0013785362243652344","6.7150640465506175","5.28","-0.02","0.01","0.003365755081176758"
"30","0.0009942054748535156","6.726167426144796","5.65","-0.02","0.01","0.002031087875366211"
"30","0.001102447509765625","6.7371083900191","5.88","-0.01","0.01","0.0031020641326904297"
"30","0.000507354736328125","6.74804180811467","5.48","-0.02","0.01","0.002012014389038086"
"30","0.0009982585906982422","6.7589019304477285","5.73","-0.01","0.01","0.0035140514373779297"
"30","0.0009970664978027344","6.769776806415759","5.14","-0.03","0.01","0.002019643783569336"
"30","0.0009992122650146484","6.780451918050027","5.43","-0.02","0.01","0.003099679946899414"
"30","0.0029909610748291016","6.790977970366498","5.28","-0.03","0.01","0.004988193511962891"
"30","0.0009984970092773438","6.801285393683727","5.25","-0.03","0.01","0.0019943714141845703"
"30","0.0029773712158203125","6.811362313035658","5.3","-0.03","0.01","0.004971504211425781"
"30","0.0024373531341552734","6.821233074758831","5.38","-0.02","0.01","0.0042994022369384766"
"30","0.002991914749145508","6.831046891418552","5.45","-0.02","0.01","0.004987478256225586"
"30","0.003043651580810547","6.840853440071378","5.37","-0.03","0.01","0.004990339279174805"
"30","0.0010013580322265625","6.850520154905414","5.07","-0.03","0.01","0.0030143260955810547"
"30","0.0025005340576171875","6.859995314365847","5.35","-0.03","0.01","0.004495382308959961"
"30","0.0030057430267333984","6.8692833876092445","5.39","-0.03","0.01","0.005003213882446289"
"30","0.003014802932739258","6.878403068104095","5.42","-0.03","0.01","0.005148172378540039"
"30","0.0025293827056884766","6.887371589277148","5.2","-0.03","0.01","0.00452733039855957"
"30","0.0015149116516113281","6.8962008402756325","5.14","-0.03","0.01","0.002512216567993164"
"30","0.0009984970092773438","6.904898278478889","5.46","-0.02","0.01","0.002992391586303711"
"30","0.0010023117065429688","6.913592692733267","5.22","-0.03","0.01","0.002991914749145508"
"30","0.0030901432037353516","6.922195926869412","5.51","-0.02","0.01","0.005117177963256836"
"30","0.0029921531677246094","6.930784136316285","5.46","-0.03","0.01","0.003991127014160156"
"30","0.002991914749145508","6.939262177068203","5.01","-0.04","0.01","0.004990577697753906"
"30","0.0019943714141845703","6.947465288534647","4.97","-0.04","0.01","0.0040128231048583984"
"30","0.0019941329956054688","6.955366626566353","5.2","-0.03","0.01","0.0029921531677246094"
"30","0.0010368824005126953","6.963125428686778","5.14","-0.03","0.01","0.002032041549682617"
"30","0.0009562969207763672","6.970813786563257","4.8","-0.04","0.01","0.0029528141021728516"
"30","0.003013134002685547","6.978316893202995","4.76","-0.04","0.01","0.005007505416870117"
"30","0.0009984970092773438","6.985593527938243","4.8","-0.04","0.01","0.002991914749145508"
"30","0.0030028820037841797","6.992653175892528","4.83","-0.04","0.01","0.006031513214111328"
"30","0.001995086669921875","6.999516563900666","4.74","-0.04","0.01","0.0029926300048828125"
"30","0.0009961128234863281","7.006201745806296","4.72","-0.04","0.01","0.0019941329956054688"
"30","0.001993417739868164","7.012721108140933","4.87","-0.04","0.01","0.003987789154052734"
"30","0.0009706020355224609","7.0190825897466675","4.82","-0.04","0.01","0.0024929046630859375"
"30","0.003022432327270508","7.025291623523539","4.84","-0.04","0.01","0.006012678146362305"
"30","0.001994609832763672","7.031352545654567","5.0","-0.04","0.01","0.0039882659912109375"
"30","0.0019288063049316406","7.037269321592205","5.44","-0.03","0.01","0.004925251007080078"
"30","0.0020170211791992188","7.0431700327401225","4.8","-0.04","0.01","0.0030128955841064453"
"30","0.0029916763305664062","7.0489661035556095","4.82","-0.04","0.01","0.006009817123413086"
"30","0.0005123615264892578","7.054609749077376","4.85","-0.04","0.01","0.0025031566619873047"
"30","0.00362396240234375","7.060097766034335","4.93","-0.04","0.01","0.005766630172729492"
"30","0.003021717071533203","7.065440350735125","5.7","-0.02","0.01","0.0049898624420166016"
"30","0.002992391586303711","7.070897274836058","5.68","-0.02","0.01","0.005542755126953125"
"30","0.001966238021850586","7.076540627572341","4.89","-0.04","0.01","0.004958152770996094"
"30","0.001996278762817383","7.082087994727869","5.75","-0.02","0.01","0.0040094852447509766"
"30","0.0015041828155517578","7.087675004017768","5.68","-0.02","0.01","0.004492998123168945"
"30","0.0009965896606445312","7.09336826560102","5.9","-0.02","0.01","0.003013134002685547"
"30","0.003367900848388672","7.0991606893612405","5.81","-0.02","0.01","0.004411220550537109"
"30","0.0009982585906982422","7.105028639616421","6.02","-0.02","0.01","0.002993345260620117"
"30","0.0032024383544921875","7.110951163344407","5.92","-0.02","0.01","0.005704641342163086"
"30","0.0010039806365966797","7.116914372925591","5.88","-0.02","0.01","0.0032265186309814453"
"30","0.0020127296447753906","7.122909982639213","7.47","0.02","0.01","0.004006385803222656"
"30","0.0009965896606445312","7.129203299844029","5.9","-0.02","0.01","0.002991914749145508"
"30","0.004082441329956055","7.135752111926347","5.33","-0.03","0.01","0.007082939147949219"
"30","0.002991199493408203","7.142197731847439","5.84","-0.02","0.01","0.0049915313720703125"
"30","0.002008199691772461","7.148559825584349","5.8","-0.02","0.01","0.005003690719604492"
"30","0.0029926300048828125","7.15488615526108","5.93","-0.02","0.01","0.00532984733581543"
"30","0.0009379386901855469","7.161199333051128","5.9","-0.02","0.01","0.0029599666595458984"
"30","0.0019931793212890625","7.167506552274854","6.07","-0.02","0.01","0.005984306335449219"
"30","0.0030159950256347656","7.173806638349225","6.09","-0.02","0.01","0.0050089359283447266"
"30","0.0025222301483154297","7.180095237390741","6.08","-0.02","0.01","0.00509190559387207"
"30","0.000997304916381836","7.186367521724341","5.97","-0.02","0.01","0.0029909610748291016"
"30","0.0009970664978027344","7.192619186563309","6.12","-0.02","0.01","0.002991199493408203"
"30","0.004027128219604492","7.198846598557372","6.14","-0.02","0.01","0.006980419158935547"
"30","0.0019998550415039062","7.205046656937918","6.21","-0.01","0.01","0.019559144973754883"
"30","0.0054168701171875","7.2113410020484165","6.3","-0.01","0.01","0.02091050148010254"
"30","0.004559755325317383","7.217759115167202","6.1","-0.02","0.01","0.00745844841003418"
"30","0.002983570098876953","7.224154789232692","6.29","-0.01","0.01","0.005953550338745117"
"30","0.002991914749145508","7.230592159438161","6.45","-0.01","0.01","0.005984783172607422"
"30","0.002734661102294922","7.237101581177911","5.48","-0.03","0.01","0.005299806594848633"
"30","0.0015099048614501953","7.2434281140970995","5.42","-0.03","0.01","0.003061056137084961"
"30","0.0019936561584472656","7.249493755727711","5.5","-0.03","0.01","0.0029916763305664062"
"30","0.007967472076416016","7.25532518316939","5.27","-0.04","0.01","0.013155221939086914"
"30","0.0009937286376953125","7.260841774877458","5.27","-0.04","0.01","0.0029888153076171875"
"30","0.0009887218475341797","7.266044614298164","5.38","-0.04","0.01","0.0039882659912109375"
"30","0.0022869110107421875","7.270971831758476","5.4","-0.03","0.01","0.005811214447021484"
"30","0.0025293827056884766","7.275782794760163","5.38","-0.04","0.01","0.004531145095825195"
"30","0.002253293991088867","7.280407904747284","5.27","-0.04","0.01","0.0049054622650146484"
"30","0.0039882659912109375","7.28480882014923","5.23","-0.04","0.01","0.006981372833251953"
"30","0.0014553070068359375","7.288986628586294","5.36","-0.04","0.01","0.0034122467041015625"
"30","0.0009670257568359375","7.292953860673896","5.62","-0.03","0.01","0.0019838809967041016"
"30","0.003644704818725586","7.296848450600951","5.06","-0.04","0.01","0.007154703140258789"
"30","0.001998424530029297","7.300588450054577","4.92","-0.05","0.01","0.004097461700439453"
"30","0.001997709274291992","7.30400571110916","5.29","-0.04","0.01","0.002995729446411133"
"30","0.002993345260620117","7.307192804749323","4.15","-0.07","0.01","0.004987478256225586"
"30","0.0009987354278564453","7.309925305151015","5.11","-0.04","0.01","0.003017902374267578"
"30","0.0027952194213867188","7.312376717787999","5.24","-0.04","0.01","0.00514531135559082"
"30","0.0029888153076171875","7.314715010166187","5.24","-0.04","0.01","0.0042150020599365234"
"30","0.0010387897491455078","7.316975771975516","5.33","-0.04","0.01","0.006033897399902344"
"30","0.003033161163330078","7.319148945809613","4.83","-0.05","0.01","0.01101064682006836"
"30","0.0031430721282958984","7.321092171847491","4.89","-0.05","0.01","0.005150794982910156"
"30","0.002402782440185547","7.322762070661207","5.0","-0.05","0.01","0.005392551422119141"
"30","0.0029456615447998047","7.324174425860127","5.28","-0.04","0.01","0.005240678787231445"
"30","0.008982658386230469","7.3254816018474775","5.44","-0.04","0.01","0.014129400253295898"
"30","0.009427070617675781","7.32673831679435","4.96","-0.05","0.01","0.02805948257446289"
"30","0.0032911300659179688","7.327815032182554","5.54","-0.03","0.01","0.005290985107421875"
"30","0.0029916763305664062","7.328912656664935","5.69","-0.03","0.01","0.00530695915222168"
"30","0.002991914749145508","7.330101701533491","5.18","-0.04","0.01","0.006220817565917969"
"30","0.0019960403442382812","7.331237969253781","5.02","-0.05","0.01","0.003989219665527344"
"30","0.0034110546112060547","7.33212983884346","5.53","-0.03","0.01","0.003993511199951172"
"30","0.0030062198638916016","7.3329884723917775","5.08","-0.04","0.01","0.005001068115234375"
"30","0.0009958744049072266","7.333784155989757","5.43","-0.04","0.01","0.001992940902709961"
"30","0.0014371871948242188","7.334484595302401","5.37","-0.04","0.01","0.0034189224243164062"
"30","0.0015053749084472656","7.335084608572606","6.26","-0.02","0.01","0.0035200119018554688"
"30","0.003040313720703125","7.3358370903865895","5.53","-0.03","0.01","0.0050394535064697266"
"30","0.005118608474731445","7.33668547741072","5.23","-0.04","0.01","0.008958101272583008"
"30","0.00546717643737793","7.337436516623476","5.48","-0.03","0.01","0.00802922248840332"
"30","0.0050220489501953125","7.338151650879045","6.23","-0.02","0.01","0.014367341995239258"
"30","0.002919435501098633","7.338995489419048","6.24","-0.02","0.01","0.011513471603393555"
"30","0.003124237060546875","7.340003550458443","6.34","-0.01","0.01","0.005466938018798828"
"30","0.0026865005493164062","7.34127325488737","7.28","0.01","0.01","0.005700111389160156"
"30","0.002201080322265625","7.34305041463518","5.12","-0.04","0.01","0.00495600700378418"
"30","0.0","7.345098562175542","6.34","-0.01","0.01","0.0019941329956054688"
"30","0.0015828609466552734","7.347008807729206","7.48","0.01","0.01","0.004113912582397461"
"30","0.0029904842376708984","7.349183166145006","6.34","-0.01","0.01","0.0060045719146728516"
"30","0.0009052753448486328","7.351521102386377","6.4","-0.01","0.01","0.0029172897338867188"
"30","0.0009970664978027344","7.353947960778556","6.37","-0.01","0.01","0.0029892921447753906"
"30","0.0009915828704833984","7.356448470847597","6.26","-0.02","0.01","0.0027735233306884766"
"30","0.0009963512420654297","7.358898375001182","6.35","-0.01","0.01","0.0029990673065185547"
"30","0.0029926300048828125","7.361391963062766","6.29","-0.02","0.01","0.0049877166748046875"
"30","0.0020318031311035156","7.363854081634713","6.41","-0.01","0.01","0.003029346466064453"
"30","0.002572774887084961","7.366379010629011","6.35","-0.01","0.01","0.0046350955963134766"
"30","0.0012047290802001953","7.36900448507543","6.34","-0.01","0.01","0.002992868423461914"
"30","0.0019936561584472656","7.371721459243107","5.86","-0.03","0.01","0.004986286163330078"
"30","0.003412008285522461","7.374260357014346","5.97","-0.02","0.01","0.004904270172119141"
"30","0.0019941329956054688","7.376664213698091","5.92","-0.03","0.01","0.004987239837646484"
"30","0.0019788742065429688","7.378866781772355","5.73","-0.03","0.01","0.0036144256591796875"
"30","0.0059375762939453125","7.380860475439709","5.69","-0.03","0.01","0.018903732299804688"
"30","0.0059833526611328125","7.382671266330487","5.98","-0.02","0.01","0.017534971237182617"
"30","0.0034759044647216797","7.38444857791524","5.68","-0.03","0.01","0.011212348937988281"
"30","0.008408308029174805","7.386114896441618","5.84","-0.03","0.01","0.022481203079223633"
"30","0.0040204524993896484","7.387626187031246","5.52","-0.03","0.01","0.009014368057250977"
"30","0.002992391586303711","7.3889791829713145","5.14","-0.04","0.01","0.005983591079711914"
"30","0.002014636993408203","7.390057702541613","5.94","-0.02","0.01","0.005009889602661133"
"30","0.0030090808868408203","7.391089583793221","5.43","-0.04","0.01","0.005005836486816406"
"30","0.003047943115234375","7.391916148943445","5.75","-0.03","0.01","0.005098104476928711"
"30","0.00251007080078125","7.392590509475493","5.99","-0.02","0.01","0.005502223968505859"
"30","0.0030138492584228516","7.393279505687975","5.84","-0.03","0.01","0.0050089359283447266"
"30","0.001998424530029297","7.39389881377128","5.72","-0.03","0.01","0.0029931068420410156"
"30","0.0020351409912109375","7.394395528670593","5.8","-0.03","0.01","0.0047266483306884766"
"30","0.00099945068359375","7.394760720419925","5.82","-0.03","0.01","0.0030312538146972656"
"30","0.004415035247802734","7.39500092731453","5.69","-0.03","0.01","0.010593414306640625"
"30","0.0009942054748535156","7.395125810497898","5.62","-0.03","0.01","0.007402181625366211"
"30","0.011139631271362305","7.395143461453055","5.81","-0.03","0.01","0.015651464462280273"
"30","0.002988576889038086","7.39505963949549","5.67","-0.03","0.01","0.006987810134887695"
"30","0.0010008811950683594","7.394878393413475","6.24","-0.02","0.01","0.003991365432739258"
"30","0.0028312206268310547","7.394727888755959","5.82","-0.03","0.01","0.004338264465332031"
"30","0.003990650177001953","7.394517766827258","5.92","-0.03","0.01","0.00645136833190918"
"30","0.0030279159545898438","7.394198736444085","6.02","-0.02","0.01","0.005985736846923828"
"30","0.0012867450714111328","7.393891504701581","6.03","-0.02","0.01","0.004281520843505859"
"30","0.0019867420196533203","7.393637278970696","5.51","-0.04","0.01","0.003999948501586914"
"30","0.0","7.393176378903627","5.91","-0.03","0.01","0.002992391586303711"
"30","0.002993345260620117","7.3925506923128435","5.85","-0.03","0.01","0.004987478256225586"
"30","0.0019114017486572266","7.391816541257371","5.38","-0.04","0.01","0.004903316497802734"
"30","0.007675647735595703","7.390872983328909","5.89","-0.03","0.01","0.013656854629516602"
"30","0.0067844390869140625","7.389821111775079","5.77","-0.03","0.01","0.012590408325195312"
"30","0.005667448043823242","7.388713519419429","4.64","-0.06","0.01","0.01586771011352539"
"30","0.006976604461669922","7.387265900903986","5.5","-0.04","0.01","0.016951799392700195"
"30","0.001993417739868164","7.385499303720676","5.92","-0.03","0.01","0.003988742828369141"
"30","0.003989458084106445","7.383663072246847","5.8","-0.03","0.01","0.005986213684082031"
"30","0.0011854171752929688","7.381839790416437","5.36","-0.04","0.01","0.002991914749145508"
"30","0.0029900074005126953","7.379898251657536","6.04","-0.02","0.01","0.00498509407043457"
"30","0.001993894577026367","7.378029603550777","5.86","-0.03","0.01","0.0029909610748291016"
"30","0.0029935836791992188","7.3761697301543485","6.0","-0.02","0.01","0.0049877166748046875"
"30","0.0009982585906982422","7.3743857506881305","6.15","-0.02","0.01","0.0031232833862304688"
"30","0.0009849071502685547","7.372690732045163","6.47","-0.01","0.01","0.0029802322387695312"
"30","0.0029926300048828125","7.37118761306841","6.23","-0.02","0.01","0.006005525588989258"
"30","0.00299072265625","7.369760056961163","6.46","-0.01","0.01","0.004987478256225586"
"30","0.001995086669921875","7.368465315823354","6.32","-0.02","0.01","0.0049915313720703125"
"30","0.001996278762817383","7.367194520507464","6.31","-0.02","0.01","0.003991127014160156"
"30","0.002875089645385742","7.365897902115666","6.36","-0.01","0.01","0.0049207210540771484"
"30","0.0021164417266845703","7.364698904306524","6.87","-0.0","0.01","0.003988742828369141"
"30","0.0031108856201171875","7.363764392379481","6.32","-0.01","0.01","0.006002664566040039"
"30","0.0029904842376708984","7.362989828385823","6.38","-0.01","0.01","0.005454301834106445"
"30","0.002065896987915039","7.3623004152642","6.33","-0.01","0.01","0.0052490234375"
"30","0.0029883384704589844","7.361669643947432","6.33","-0.01","0.01","0.0049822330474853516"
"30","0.002507448196411133","7.361090842506862","6.24","-0.02","0.01","0.0045049190521240234"
"30","0.0009965896606445312","7.3604381839771875","7.04","0.0","0.01","0.0021829605102539062"
"30","0.0030460357666015625","7.359928737980024","6.96","0.0","0.01","0.004017353057861328"
"30","0.000997781753540039","7.359643618306227","6.94","-0.0","0.01","0.003062009811401367"
"30","0.0022258758544921875","7.359565572312139","6.92","-0.0","0.01","0.004984140396118164"
"30","0.0007338523864746094","7.359656168045991","6.9","-0.0","0.01","0.009171724319458008"
"30","0.003995180130004883","7.359882509663897","7.04","0.0","0.01","0.013096809387207031"
"30","0.0049893856048583984","7.360222756962803","7.16","0.01","0.01","0.01354217529296875"
"30","0.00513148307800293","7.360788589416927","6.94","-0.0","0.01","0.009663820266723633"
"30","0.0009968280792236328","7.3614784334869","7.15","0.0","0.01","0.0029909610748291016"
"30","0.003989696502685547","7.362233777654649","7.06","0.0","0.01","0.005984783172607422"
"30","0.0019974708557128906","7.363041739538195","7.06","0.0","0.01","0.0029947757720947266"
"30","0.0029916763305664062","7.363903205351636","7.31","0.01","0.01","0.005009651184082031"
"30","0.0019936561584472656","7.364945360316794","7.14","0.0","0.01","0.0029900074005126953"
"30","0.0010006427764892578","7.366074827911048","7.08","0.0","0.01","0.0029947757720947266"
"30","0.0026865005493164062","7.367236817462243","6.97","0.0","0.01","0.004022121429443359"
"30","0.0019884109497070312","7.368420166770809","7.06","0.0","0.01","0.005004167556762695"
"30","0.0030210018157958984","7.369626947605919","6.81","-0.0","0.01","0.005014896392822266"
"30","0.0029909610748291016","7.37086058977934","7.17","0.01","0.01","0.004988193511962891"
"30","0.002513408660888672","7.3722471815256965","7.25","0.01","0.01","0.004606008529663086"
"30","0.0025768280029296875","7.37381745843861","7.17","0.01","0.01","0.0050792694091796875"
"30","0.0029916763305664062","7.375548989792697","7.08","0.0","0.01","0.004986763000488281"
"30","0.003940582275390625","7.37728714539186","7.1","0.0","0.01","0.008029937744140625"
"30","0.0020990371704101562","7.37897732804643","7.23","0.01","0.01","0.004236698150634766"
"30","0.0029916763305664062","7.380750286380322","7.05","0.0","0.01","0.006007194519042969"
"30","0.0039904117584228516","7.382531292188508","6.17","-0.02","0.01","0.007001399993896484"
"30","0.0009341239929199219","7.384032743375158","7.1","0.0","0.01","0.0029497146606445312"
"30","0.003974437713623047","7.385441006556147","6.88","-0.0","0.01","0.006009578704833984"
"30","0.0009984970092773438","7.386868705920204","7.22","0.01","0.01","0.0025374889373779297"
"30","0.0019979476928710938","7.388462007927092","6.93","-0.0","0.01","0.005007266998291016"
"30","0.006006956100463867","7.390118172172104","6.54","-0.01","0.01","0.008884906768798828"
"30","0.0009996891021728516","7.391645394882344","6.98","0.0","0.01","0.0029947757720947266"
"30","0.002992391586303711","7.393119018650996","7.06","0.0","0.01","0.005162715911865234"
"30","0.00299072265625","7.394592088994114","7.11","0.0","0.01","0.004986286163330078"
"30","0.002192974090576172","7.396077377070953","7.21","0.01","0.01","0.003512859344482422"
"30","0.003028392791748047","7.3976980598456015","7.13","0.0","0.01","0.006025075912475586"
"30","0.0029926300048828125","7.399355925447319","7.01","0.0","0.01","0.004987955093383789"
"30","0.0029909610748291016","7.400995021546944","7.2","0.01","0.01","0.00498652458190918"
"30","0.00299072265625","7.402731464367766","7.31","0.01","0.01","0.005982160568237305"
"30","0.0019941329956054688","7.404603565148258","7.09","0.0","0.01","0.002992868423461914"
"30","0.0029921531677246094","7.406474822602803","7.17","0.0","0.01","0.004986763000488281"
"30","0.0009975433349609375","7.408292545033152","7.0","0.0","0.01","0.0019941329956054688"
"30","0.002974271774291992","7.410060036314564","7.11","0.0","0.01","0.004970550537109375"
"30","0.0009968280792236328","7.411793705782538","6.95","-0.0","0.01","0.001995086669921875"
"30","0.0019943714141845703","7.413507590128477","6.61","-0.01","0.01","0.0049877166748046875"
"30","0.00299072265625","7.415084863562588","7.13","0.0","0.01","0.0051097869873046875"
"30","0.002000093460083008","7.416622101813054","7.21","0.0","0.01","0.004987239837646484"
"30","0.002974271774291992","7.418172206589146","7.14","0.0","0.01","0.007179737091064453"
"30","0.007070064544677734","7.419742030776105","7.02","0.0","0.01","0.016158580780029297"
"30","0.0075778961181640625","7.421324563085773","6.8","-0.0","0.01","0.028959035873413086"
"30","0.003472566604614258","7.422911669823658","6.98","-0.0","0.01","0.007542848587036133"
"30","0.002991199493408203","7.424498101379957","6.91","-0.0","0.01","0.0060117244720458984"
"30","0.001997232437133789","7.426081514985529","6.7","-0.01","0.01","0.003989696502685547"
"30","0.0009982585906982422","7.427536336172678","7.27","0.01","0.01","0.0030088424682617188"
"30","0.0030548572540283203","7.429080826962771","6.61","-0.01","0.01","0.005975246429443359"
"30","0.0030083656311035156","7.430549257823444","6.56","-0.01","0.01","0.006000995635986328"
"30","0.0009980201721191406","7.431864920199534","6.9","-0.0","0.01","0.0019941329956054688"
"30","0.000997781753540039","7.433159231914854","6.74","-0.01","0.01","0.0019943714141845703"
"30","0.002023935317993164","7.434364706638635","7.24","0.01","0.01","0.004017829895019531"
"30","0.0019915103912353516","7.435702061570755","6.53","-0.01","0.01","0.004982471466064453"
"30","0.0009975433349609375","7.436992954335993","6.3","-0.02","0.01","0.0030128955841064453"
"30","0.0012011528015136719","7.438023526670302","5.58","-0.03","0.01","0.003360271453857422"
"30","0.0019936561584472656","7.438635622863506","6.93","-0.0","0.01","0.005215644836425781"
"30","0.002090930938720703","7.439129094542107","6.5","-0.01","0.01","0.005084991455078125"
"30","0.00949406623840332","7.439667038663055","6.93","-0.0","0.01","0.016403913497924805"
"30","0.01910114288330078","7.440334229061556","7.04","0.0","0.01","0.042623281478881836"
"30","0.003014802932739258","7.441126121233545","6.45","-0.01","0.01","0.00603938102722168"
"30","0.0013704299926757812","7.441877135169089","6.32","-0.02","0.01","0.004349708557128906"
"30","0.0037424564361572266","7.442396410760196","6.51","-0.01","0.01","0.0067708492279052734"
"30","0.0019464492797851562","7.442777500767251","6.22","-0.02","0.01","0.003942251205444336"
"30","0.002125978469848633","7.442965681725038","6.41","-0.01","0.01","0.00513768196105957"
"30","0.0019943714141845703","7.443078191394877","6.38","-0.02","0.01","0.00498652458190918"
"30","0.0029916763305664062","7.44304635409388","6.53","-0.01","0.01","0.0059888362884521484"
"30","0.0026967525482177734","7.442968065787142","6.08","-0.02","0.01","0.004691123962402344"
"30","0.002955198287963867","7.4427610160597375","6.13","-0.02","0.01","0.0049741268157958984"
"30","0.0009989738464355469","7.442391086541382","6.74","-0.01","0.01","0.0031604766845703125"
"30","0.001998424530029297","7.4419914846790585","6.26","-0.02","0.01","0.00399327278137207"
"30","0.0034046173095703125","7.441486436639122","6.38","-0.02","0.01","0.005403280258178711"
"30","0.0030541419982910156","7.440839182717624","5.97","-0.03","0.01","0.005048274993896484"
"30","0.0020503997802734375","7.43992835370172","6.21","-0.02","0.01","0.005059003829956055"
"30","0.0019958019256591797","7.438860767655441","5.99","-0.02","0.01","0.0029892921447753906"
"30","0.0019969940185546875","7.437701234568663","6.01","-0.02","0.01","0.003992557525634766"
"30","0.0030095577239990234","7.436465843815461","5.98","-0.03","0.01","0.006003856658935547"
"30","0.0024123191833496094","7.435028770634802","7.82","0.02","0.01","0.0054247379302978516"
"30","0.0015175342559814453","7.433608897504589","8.05","0.02","0.01","0.004675388336181641"
"30","0.0008232593536376953","7.432898963418121","8.2","0.03","0.01","0.002817869186401367"
"30","0.0029914379119873047","7.432951890249981","8.12","0.03","0.01","0.004990577697753906"
"30","0.0020470619201660156","7.4336176789635395","8.46","0.03","0.01","0.0050394535064697266"
"30","0.0019948482513427734","7.434743768772631","5.44","-0.04","0.01","0.0040073394775390625"
"30","0.0019969940185546875","7.436013146903666","5.7","-0.03","0.01","0.003242015838623047"
"30","0.0020036697387695312","7.436487246565092","6.05","-0.02","0.01","0.00467991828918457"
"30","0.0030934810638427734","7.436262155645575","6.27","-0.02","0.01","0.005006551742553711"
"30","0.0019845962524414062","7.435664992068891","5.71","-0.03","0.01","0.004977703094482422"
"30","0.000997781753540039","7.434763596153541","5.5","-0.04","0.01","0.002991914749145508"
"30","0.001994609832763672","7.4334817609960036","6.17","-0.02","0.01","0.0049877166748046875"
"30","0.0005354881286621094","7.432076325213922","5.61","-0.03","0.01","0.003507852554321289"
"30","0.0026149749755859375","7.4305276608294015","5.88","-0.03","0.01","0.004788398742675781"
"30","0.002988576889038086","7.428801052541838","6.09","-0.02","0.01","0.003984928131103516"
"30","0.0009844303131103516","7.427013152546787","6.07","-0.02","0.01","0.003986358642578125"
"30","0.000997304916381836","7.425198601733356","7.16","0.0","0.01","0.003026247024536133"
"30","0.0020568370819091797","7.42359446647096","8.85","0.04","0.01","0.0050122737884521484"
"30","0.0009980201721191406","7.422518132836851","9.5","0.06","0.01","0.002992391586303711"
"30","0.0029921531677246094","7.422458723441384","9.87","0.07","0.01","0.006007194519042969"
"30","0.004009723663330078","7.423675367973035","9.85","0.07","0.01","0.0051577091217041016"
"30","0.0019948482513427734","7.4259789009232895","9.67","0.06","0.01","0.004457712173461914"
"30","0.000993967056274414","7.429013294431463","10.0","0.07","0.01","0.002988100051879883"
"30","0.003014802932739258","7.432715716590998","10.19","0.08","0.01","0.006006956100463867"
"30","0.00299072265625","7.437179128848213","9.67","0.06","0.01","0.004985332489013672"
"30","0.0009374618530273438","7.4421514091731975","9.83","0.07","0.01","0.0029180049896240234"
"30","0.0029888153076171875","7.447644098113766","9.96","0.07","0.01","0.004984855651855469"
"30","0.002990245819091797","7.453676484671464","9.72","0.06","0.01","0.004984140396118164"
"30","0.0019345283508300781","7.460113172978572","9.34","0.06","0.01","0.002931356430053711"
"30","0.0010235309600830078","7.466900484023041","6.31","-0.02","0.01","0.004019975662231445"
"30","0.0019996166229248047","7.473831459421092","6.52","-0.01","0.01","0.003991842269897461"
"30","0.002994060516357422","7.479921470068725","8.85","0.04","0.01","0.004990339279174805"
"30","0.0009961128234863281","7.485553316572066","8.69","0.04","0.01","0.0019948482513427734"
"30","0.002994060516357422","7.491334837528804","9.54","0.06","0.01","0.005986213684082031"
"30","0.002994060516357422","7.497680946431423","9.64","0.06","0.01","0.01099705696105957"
"30","0.003042936325073242","7.504649181116572","9.45","0.06","0.01","0.0050427913665771484"
"30","0.0009961128234863281","7.512143986916606","9.24","0.05","0.01","0.0019943714141845703"
"30","0.0009632110595703125","7.5199343675174894","9.64","0.06","0.01","0.002957582473754883"
"30","0.0010211467742919922","7.528039382323274","8.76","0.04","0.01","0.0030188560485839844"
"30","0.0029914379119873047","7.536217271972511","8.47","0.03","0.01","0.004986286163330078"
"30","0.00099945068359375","7.544262780705805","6.14","-0.02","0.01","0.003992557525634766"
"30","0.0030469894409179688","7.551908901193919","6.32","-0.02","0.01","0.0053484439849853516"
"30","0.00099945068359375","7.558536301791072","5.99","-0.03","0.01","0.002992391586303711"
"30","0.0029268264770507812","7.564170003355906","5.97","-0.03","0.01","0.004922389984130859"
"30","0.0029926300048828125","7.569011833066553","5.98","-0.03","0.01","0.0049877166748046875"
"30","0.002791166305541992","7.573241549794854","5.94","-0.03","0.01","0.004785776138305664"
"30","0.000997781753540039","7.576969337942708","5.8","-0.03","0.01","0.001994609832763672"
"30","0.0020143985748291016","7.580251185327147","6.0","-0.03","0.01","0.00400853157043457"
"30","0.0009992122650146484","7.583113944032736","6.08","-0.03","0.01","0.0030307769775390625"
"30","0.0009982585906982422","7.585573542649774","5.97","-0.03","0.01","0.0019948482513427734"
"30","0.003000974655151367","7.587644299387914","5.64","-0.04","0.01","0.0049953460693359375"
"30","0.0019919872283935547","7.589217258300164","5.02","-0.05","0.01","0.003984928131103516"
"30","0.0023086071014404297","7.590153090668051","5.82","-0.03","0.01","0.004180431365966797"
"30","0.0029914379119873047","7.590707981902904","5.81","-0.03","0.01","0.0049860477447509766"
"30","0.0029942989349365234","7.591011622814556","6.02","-0.03","0.01","0.005006313323974609"
"30","0.0023200511932373047","7.591089656364594","5.99","-0.03","0.01","0.00410008430480957"
"30","0.000997304916381836","7.590938619748408","5.56","-0.04","0.01","0.0019943714141845703"
"30","0.0024471282958984375","7.590429640939336","5.66","-0.04","0.01","0.0038836002349853516"
"30","0.0009734630584716797","7.589534423287316","5.87","-0.03","0.01","0.002969026565551758"
"30","0.0029964447021484375","7.588408294374049","6.2","-0.02","0.01","0.005404472351074219"
"30","0.001016855239868164","7.587248932580283","5.18","-0.05","0.01","0.00301361083984375"
"30","0.0029914379119873047","7.585813066713758","5.58","-0.04","0.01","0.004990339279174805"
"30","0.0029959678649902344","7.583984405299118","5.69","-0.04","0.01","0.00598454475402832"
"30","0.0019283294677734375","7.581836796438652","5.9","-0.03","0.01","0.0049686431884765625"
"30","0.0009980201721191406","7.579555496133839","5.8","-0.03","0.01","0.0031311511993408203"
"30","0.0021905899047851562","7.577211037936288","4.7","-0.06","0.01","0.0041942596435546875"
"30","0.001995086669921875","7.574515806622838","5.6","-0.04","0.01","0.004987239837646484"
"30","0.001994609832763672","7.571485680459702","6.1","-0.03","0.01","0.003989219665527344"
"30","0.003013134002685547","7.568368462745487","5.84","-0.03","0.01","0.005022764205932617"
"30","0.004506826400756836","7.565248693091832","5.8","-0.03","0.01","0.006494045257568359"
"30","0.002130746841430664","7.562124204210026","4.3","-0.07","0.01","0.0046536922454833984"
"30","0.004974842071533203","7.558699839572249","5.9","-0.03","0.01","0.007967472076416016"
"30","0.0021402835845947266","7.55499520271607","6.2","-0.02","0.01","0.00599360466003418"
"30","0.003043651580810547","7.551357833118566","6.08","-0.03","0.01","0.006171703338623047"
"30","0.005057811737060547","7.547760943491026","5.91","-0.03","0.01","0.008052587509155273"
"30","0.005014896392822266","7.544152990108755","5.88","-0.03","0.01","0.00806879997253418"
"30","0.002964496612548828","7.5405086680428335","5.55","-0.04","0.01","0.005060672760009766"
"30","0.0019943714141845703","7.536692729441971","5.87","-0.03","0.01","0.005368232727050781"
"30","0.002991199493408203","7.532796254152664","5.83","-0.03","0.01","0.005974531173706055"
"30","0.0021102428436279297","7.528871612238887","6.0","-0.03","0.01","0.006572723388671875"
"30","0.0008745193481445312","7.524926233047127","5.99","-0.03","0.01","0.0021407604217529297"
"30","0.004004478454589844","7.520953188966086","6.19","-0.02","0.01","0.00797891616821289"
"30","0.0015180110931396484","7.517068810371638","6.54","-0.01","0.01","0.003705739974975586"
"30","0.0009963512420654297","7.513423649021305","6.62","-0.01","0.01","0.0029916763305664062"
"30","0.001999378204345703","7.510025961316562","6.14","-0.02","0.01","0.0049896240234375"
"30","0.002681732177734375","7.506702068249407","7.03","-0.0","0.01","0.004964351654052734"
"30","0.002991914749145508","7.503622528896753","7.03","-0.0","0.01","0.0050694942474365234"
"30","0.002723217010498047","7.500839068996189","7.01","-0.0","0.01","0.004736661911010742"
"30","0.0014758110046386719","7.498320173255551","7.04","-0.0","0.01","0.003024578094482422"
"30","0.0009965896606445312","7.496021943745968","6.97","-0.0","0.01","0.003140687942504883"
"30","0.0009093284606933594","7.493909682050632","7.11","0.0","0.01","0.0039014816284179688"
"30","0.001934051513671875","7.491960564854709","6.58","-0.01","0.01","0.0039288997650146484"
"30","0.002992868423461914","7.490034934091087","6.66","-0.01","0.01","0.0047452449798583984"
"30","0.002919435501098633","7.488090275400183","6.58","-0.01","0.01","0.00485682487487793"
"30","0.0019948482513427734","7.486137440586595","6.62","-0.01","0.01","0.004101753234863281"
"30","0.002020597457885742","7.484194358058707","6.24","-0.02","0.01","0.00429844856262207"
"30","0.0015048980712890625","7.482146916771721","6.64","-0.01","0.01","0.003441333770751953"
"30","0.0016202926635742188","7.480090947346283","6.72","-0.01","0.01","0.0036287307739257812"
"30","0.0029916763305664062","7.478075789675175","6.5","-0.01","0.01","0.004988431930541992"
"30","0.0029137134552001953","7.476103354131525","7.08","0.0","0.01","0.004909038543701172"
"30","0.001994609832763672","7.474286419763311","6.55","-0.01","0.01","0.003991127014160156"
"30","0.002992868423461914","7.472518818834061","6.22","-0.02","0.01","0.004987478256225586"
"30","0.0010221004486083984","7.47061380721328","6.7","-0.01","0.01","0.0030205249786376953"
"30","0.000997781753540039","7.468651189452317","6.61","-0.01","0.01","0.001995563507080078"
"30","0.0020132064819335938","7.466685468265533","6.56","-0.01","0.01","0.004050493240356445"
"30","0.0012166500091552734","7.464728475633935","6.57","-0.01","0.01","0.00339508056640625"
"30","0.0009982585906982422","7.462776180298722","6.67","-0.01","0.01","0.0029935836791992188"
"30","0.0009970664978027344","7.460820806178446","6.12","-0.02","0.01","0.003019571304321289"
"30","0.001995086669921875","7.458730698877129","6.46","-0.01","0.01","0.003988742828369141"
"30","0.001993894577026367","7.456594558874827","6.5","-0.01","0.01","0.0029916763305664062"
"30","0.0019214153289794922","7.45446164953096","6.48","-0.01","0.01","0.003915309906005859"
"30","0.00099945068359375","7.452337217099573","7.16","0.0","0.01","0.0029935836791992188"
"30","0.0009965896606445312","7.450338428917751","6.39","-0.02","0.01","0.001993894577026367"
"30","0.001995086669921875","7.448238341783634","7.32","0.01","0.01","0.004012107849121094"
"30","0.0020818710327148438","7.446237287767381","6.51","-0.01","0.01","0.003990888595581055"
"30","0.0019927024841308594","7.4443156681847205","6.59","-0.01","0.01","0.004003286361694336"
"30","0.001993894577026367","7.442373152146946","6.55","-0.01","0.01","0.004954099655151367"
"30","0.0021104812622070312","7.440381478325424","7.49","0.01","0.01","0.0041561126708984375"
"30","0.0010035037994384766","7.438591697379383","6.33","-0.02","0.01","0.002000093460083008"
"30","0.002227783203125","7.436786738572006","6.63","-0.01","0.01","0.00501561164855957"
"30","0.0020127296447753906","7.434839591917538","7.12","0.0","0.01","0.004009723663330078"
"30","0.0030303001403808594","7.432927564862176","6.41","-0.01","0.01","0.0049877166748046875"
"30","0.0","7.430996123837278","7.21","0.0","0.01","0.0030078887939453125"
"30","0.0029952526092529297","7.429138777788045","7.26","0.01","0.01","0.004990339279174805"
"30","0.0009975433349609375","7.427513289840265","7.23","0.01","0.01","0.0029897689819335938"
"30","0.001991748809814453","7.4261399332494","7.08","0.0","0.01","0.003989219665527344"
"30","0.0009875297546386719","7.424854483897782","7.15","0.0","0.01","0.0029790401458740234"
"30","0.0009942054748535156","7.4235830328314405","7.28","0.01","0.01","0.0019915103912353516"
"30","0.002992391586303711","7.422441336328307","7.31","0.01","0.01","0.004986763000488281"
"30","0.002990245819091797","7.421471258304759","6.82","-0.0","0.01","0.004984140396118164"
"30","0.002008676528930664","7.420538417636186","7.16","0.0","0.01","0.0050046443939208984"
"30","0.001990795135498047","7.4195898798130955","6.71","-0.01","0.01","0.0047190189361572266"
"30","0.0019948482513427734","7.418501965438886","6.63","-0.01","0.01","0.003989696502685547"
"30","0.0","7.417256241984579","6.76","-0.01","0.01","0.0019953250885009766"
"30","0.002981424331665039","7.415883471012876","6.8","-0.0","0.01","0.004977226257324219"
"30","0.00301361083984375","7.414540421250158","6.76","-0.01","0.01","0.005007743835449219"
"30","0.0029840469360351562","7.413154449681235","7.35","0.01","0.01","0.0049779415130615234"
"30","0.0009984970092773438","7.411933679534446","7.45","0.01","0.01","0.003507375717163086"
"30","0.0009965896606445312","7.4109391342588555","6.7","-0.01","0.01","0.0019936561584472656"
"30","0.0029916763305664062","7.409889189840339","6.4","-0.01","0.01","0.0060651302337646484"
"30","0.002810955047607422","7.408675356486605","6.36","-0.02","0.01","0.004372596740722656"
"30","0.002048492431640625","7.407179123994663","6.41","-0.01","0.01","0.0029942989349365234"
"30","0.002992391586303711","7.405527406750876","6.44","-0.01","0.01","0.00598597526550293"
"30","0.0025031566619873047","7.403801483458105","6.96","-0.0","0.01","0.0035009384155273438"
"30","0.002014636993408203","7.402150883126397","6.2","-0.02","0.01","0.003022909164428711"
"30","0.0020127296447753906","7.400359091022126","6.21","-0.02","0.01","0.004007577896118164"
"30","0.0019958019256591797","7.398337491321448","6.16","-0.02","0.01","0.002959728240966797"
